roberto_crescenzi,
ardianerv,
free_robpal,
matthewmearsphotography,
sabacaphoto,
podu.stricat,
bilalkhan_k,
uliayarynych,
elena.rromano,
kimiiiishi,
reisemanifest_blog,
najeb.ahmedn,
sonny_forelli89,
zecta77,
stokeddsurf,
justincoomber,
mousslyne,
pay__sa,
faizelismail_photography,
lu_roth_,
swag.landscapes,
ancha1172,
diegokierkegard,
naldito148,
tigrannewman,
joryalan,
welldoermountains,
alimosafa2018,
yoanagmalna,
ferro_emanuele,
nadin_s3s,
_fluorescentadolescentt,
sude_pltbykl,
__kamkul__,
go.shahey,
ian.tila,
timothyophotography,
nabilla_octavianii,
maderadityaa,
khlopusha,
keymo__king,
