neditzphotography88,
r50_1960,
adventures_of_maldo,
kseny_nikitina,
ellaberkeley,
sibin_baby,
carla_pilulasfashion,
hercsbrampton,
arenabodybuilding,
xxcandylady99,
m.n.phootoography,
symphonyofnature,
_itsheartbreaking_,
thewhiteboiii,
joern3.0,
alanmazzon,
matthewsalgado_photography,
lenanicholson,
mirandagreyweddings,
codykbc,
sick_cloud,
prtcannon,
x3theartist,
vivereloriente,
lorena_rinaldi,
zhenni_luo1995,
odisseadivictoria,
jdanielzzz,
salvatorecosseddu,
laruedubio,
gpciceri,
wanderlustinlove.it,
wildcaptain,
mcralimutlu,
_kitmir,
giacomo.assennato,
judith_morgan_photography,
batu.bali,
jtj2929,
gonin2,
amothinaflame,
ricoahr_,
martina.dessi6,
jannmyk3,
thetravellingpumpkins,
dthewahlen,
allshewants_,
londonjem,
dianougannage,
3298parklane,
maud.chrstnn,
alina.swimwear,
pnikiforou,
kac.m.a.c,
justkeepingupwithk,
depictingpixels,
lucka.la,
rtm.ok,
saad_ash86,
5sign,
blu_mill,
mvalentinacabras,
iviaggidimauriziolevi,
retrogreming.gallery,
fitnessbykevin1,
sarah_bk__,
christopherhales,
awesome.escape,
katherinesewell,
bowtie.media,
clairekolumna,
gabigyarmati,
natka1854,
phenkzz,
exploringslovenia,
breathe.outdoors,
berodriiguess,
halim.imane,
alicegower,
stelida_fernandes,
sneakers_paris1,
fit_milkshake,
mariseloggero_estetica,
erick__filipe,
swathi_yeah_me,
menina_elegante,
yeberson,
lookoutdesigner,
katarinajuliana9,
summerlailimited,
constantexpat,
kaarinlanyi,
dreamcaptured,
_znhn,
triple__r__,
danmleephotography,
peter_the_jack,
foto_maniabr,
michelledscarvalho,
lasmejorespropiedades,
haliltarin,
pasamanbaratpedia,
sayuriwhite,
divanenko,
dominiqueinthecity,
rosariop0124,
travelxhype,
strateg_ua,
rubydimelowsteel,
turismoincina,
daichi__03,
kath.ii.ii,
unprofoundpursuit,
call_me_antro,
margamaj,
tiberiu_aldea,
daily_travel_life,
jesssy_joy,
miguelatalaia,
lingoeswild,
gentlemansaura,
dreamerflyworld,
damsir_dams,
fabfiveducksquad,
luddites_,
gypsystyling,
matareas,
chxryl,
maurotempolibero,
lovegreatbritain_it,
fly_jessi,
strillipvskji,
pacyssima,
fede86_p,
circoloippicovalleroveto,
misiahyo,
ali_caps,
tucguti,
kliklandscape,
antoniodigiuseppe_dop,
edabalta_,
martin.krapohl,
semesterpappa,
peytonengland,
cabincrewafterwork,
wirdschonn,
voltosegunda,
ozgur.dedekargin,
blessingsfrom.marco78978,
dindahnurma,
travitravvv,
marikapal2,
stcosta55,
joh.nny.vo,
christydilallo,
tiffanyfortier,
thebackseatview,
aka_swaggy,
trihandelaswanyaptriawan,
hypedsouls,
sthlmresilience,
raysvuetography,
iamrealmarilyn,
mister_tobar,
_outsider._,
maurice_think,
lapennadicla,
principessina.74,
miryam_opera_singer,
casabrasili,
antodos88,
outdoorcilento,
cosechenonsapevi.official,
alealem84,
oskarsamerika,
_owwwo._,
xtremerosa,
travelmagazine2011,
snarkysteff,
tiago_oss,
robertofenix,
jaime.a.delgado,
maaikebissegger,
ale_macca,
rdsinghwander,
_.wandering_soul._,
gezikolubasgani,
bhanu_bansal_,
simonandruby,
jakedeemed,
lostlandsco,
claytonherrmann,
byfieldtravel,
gretawolzak,
allovertheworld245,
virgilsim,
tonynunez_,
thexicanaexplorer,
tourtrip_murah,
vodtactical,
twointhesun,
unfassbar,
ellie.cosmetic,
luxfityorks,
coach_ahmedjbili,
alexandramurph,
marianne_slaatta,
fanny_rth,
shredded_emi_ansari,
the_royal_guy_zain,
yasu1413,
gaspari_au,
joe_flex_ladek_,
ksalvi24,
marley_luna_frenchie_life,
keto.yo,
ivana_3006,
muetzestattoo,
imayad_production,
josevaldo_lopesoficial,
y_ybinn00,
paola_nsm,
belodiaresolviviajar,
stanilez95,
lisamarie__91,
parthsarathijha,
terrymasm,
gemma_laing,
yosoylaulobo,
busssrakca,
quentphotography,
royaleventsrd,
mxmv__k,
jorgen_mj,
phoebechenery,
nelinchik,
nicole_ulbricht,
doctorographer,
tshirt_shop_nyc,
_s.m.a.__ig,
larisa_68lisa,
casamindela,
estyvern,
jesusrokdriguez,
_erikmichael,
tinlidhatco,
thevividtraveller,
fuelyourfirefitness,
therealillusion,
pfeiffman,
camera_on__merchants,
pigeonhunter95,
jelena.ka.patchanka,
theearlymorningwanderer,
icon_4runner,
concessionaria_fly_camper,
draka82,
_marina_enna_,
visit_orebic,
henryglassporte,
multilinea,
tsumugi_fotografia,
nv_dolcevita,
serenasgaggio,
casadellacontrora,
vpj_213025,
lafinestrasulcinema,
yumik_osano,
teopagh,
bennydaddesa,
carameister10,
federico_sangalli,
ezmediany,
descubrecuenca,
italianoamadrid,
martygiani,
_andres_flores_,
marcomdl2,
rlim.photography,
vanillia_14,
francescoantoniobrunoguaragna,
arthurklassen,
hopeflynn,
hub_of_tincture,
tripnwithtrina,
nagas.photos,
mandymarie363,
lo_lverine,
stepintolifemountmaunganui,
seankincaid,
maisonmelimelo,
reservation_confirmed,
ensaneoutdoors,
falkenventures,
bokovoyphotography,
d_j_dye,
bashashaluggagestr,
slam_parter,
rosey_noelle,
makeyourownwaythere,
lucymoore92,
der_manu_el,
allaboutste,
ilive_ulive_welive,
grazianoscrittore,
gaia.belotti,
allegoria_interiors,
sara.catenacci,
__gayetta__,
tuplancucuta2014,
jorgepachecoe,
temporadaslz,
la.motivazione.vince,
sogni_grandiosi,
pasticceriadinovo,
itsclintisgood,
no_sense_edition,
cyntis_wanderlust,
toeknee_noknee,
sonyeo_neugdae.97,
francescaraspavolo,
_anna.schoen_,
katlynpaigephotography,
tanenbaumchat,
robertsrunning,
_chrisbauer_,
patb495,
zuberdrone,
capital_city_mom,
jiyon.the.soloist,
connordanielg,
sarah_veronica_k,
katnissevergreene,
one_woman_and_her_pack,
andcrux,
francy_luisi,
mattiazanin98,
arianna.capicchioni,
andaat,
martygwood,
boostfy,
ninasturm,
_love_europe,
easyminnie,
aletravelbug,
nicolaparrini,
vuae.team,
gabriellesbiloxi,
rianredbeat,
swissruigor,
tembeadunia,
ruchie_,
shiftthemc,
lisslovemusic,
estherhollywood,
pranatigaur,
albertgoespro,
visitknysna,
habitar_landscape,
ffth01,
dreaminoutloudd,
lord.emilian,
globe_george,
jsima_14,
widi_winataa,
monsterpoh,
sara_stelle,
italy.71,
world_travelling2017,
sonialatitudinex,
lorenzobellux,
hungdrumofficial,
alfonso.santoriello,
riciclo_creativo_biciclo,
jessicamattonai,
francesca_trere,
uniquelyme876,
twoplustwotravelers,
pariscityvision,
tonyaalves,
ig_yourope,
marddix,
vitadolceamara,
ivegyou,
thepheobedietespiff,
fincahotels,
live_up2you_backpackers,
infosabang,
laspheegata,
tripotocommunity,
habiburrahman_bw,
brunolaurent35,
88lepi,
rudneva_elena0310,
sbarabao,
wanderlustjourney.ca,
maria_luisa_p95,
rmnbrht,
loulorm,
evebrownbunny,
robertascampone,
javier_giral,
teverdeepasticcini,
justinvaudaux,
figueroco,
gmb_world,
chinakoma,
cpt.teeemmmooo,
austinmichels_,
phd_b4_grad,
luxsaintgilles,
tollfreeroad,
struckbywanderlustblog,
meowwufff,
suncheatagarwal,
ms_nnej,
eyebeemax,
w1e4n,
jet_setter_nyc,
wibiwic,
viva.travel.club,
bokki.bokki,
durandemmanuel,
trailofpoppies,
yoshiki_pgw_,
tourismhawaii,
fiatdubai,
cryscrystian,
the_earths_wanderer,
cateinthekitchen,
secret_of_natural,
wildthentic,
lovetimeless,
happy_homeschool,
nicole.the.archer,
nathangerard_b,
sajananimsara_20,
ddeamorin,
roaringangelina,
wanderingisle,
antuany,
nqcr,
oooitsaj,
lirim.jahiu,
sideshowpanda,
pippoeschiti,
emmydrake_,
martaboiro,
nneellee_,
arauujek,
brunoandsparky,
travelwithbre,
cecillstravells,
tonia_ru,
unlimited_viaggi,
kusuhide1026,
forte_piano,
davideguarneri39,
canienatura,
massimo.giordano.969,
marty83tk,
mariachiaraprile,
nt_chloe,
jhondel_pangilinan,
fiammagiuliani,
hiphideouts,
julaye_d,
braydenbarlow_,
iambab_xiii,
corserimages,
wilderstlife,
dashboardliving,
quannners,
clarevenner,
viajandoconberbeo,
joshuebgutierrez,
harvestcoffeehousepc,
_akrphoto_,
mattley_74,
grazianodurso,
supertanga_official_fanpage,
turistiperhobby,
bizplace_bphconsulting,
karlacuellar14,
ervarela,
pierinonireip,
jerocgarzon,
exploratravelportici,
ermini141,
albumarte_roma,
grey.kilgore,
1s1khuntingclub,
navithaletchumanan,
lordofthemomos,
rul0,
1mandabear,
uttarakhand_paradise,
marlonguimaraes16,
angganaeveland,
travelwondersphotography,
sarahelizabethcomber,
brandon_flyboy,
thisnomadicheart,
rockerz.ragu,
dchang2301,
girandoeviaggiando,
tittiflow,
jeronimocruz,
thetravelbunker,
jnkqba,
anywhere.to,
jagger0723,
kanetaro_1012,
vegan_flaneuse,
mayaholidays,
travelraido,
herhandswereleaves,
westcoastdreamnn,
ana_podhorski,
neslihantosuun,
carryonforone,
sar_ht,
fabkath,
alberto_arias.pics,
riteshkc11,
1travellife,
luisarosewine,
3pppy,
fiidelromero,
bumbuistheway,
cicerodeoliveiramelo,
honeybellogirl,
lori_006,
chiesvi,
catavinoexplores,
clodaghquinlangorman,
bedtocouch,
nicola_nota93,
albyorange,
ag.agu,
mpivin,
chopperharley79,
naturescursioni,
zeituntravels,
zanetabarancom,
liinatravels,
wren_poetess,
kkayrr,
a_little_bit_of_katoa,
liveinprada,
hannakocaer,
dagnyarizona,
deruci_agrikultural_organizer,
earthvantage,
gligetslost,
raffie26,
flocktime,
elia_filinic,
mykeelarkin,
anikam79,
clydetherapy,
pusayaperu,
elisa.sassu,
abbychoc,
nediyimsanaben,
wines.man,
yunudsheik,
elya_white,
finn_steinfeldt,
sandra_272,
_roseelliott,
muhammetqun,
venerina_kci,
mr_mussu,
tatonotravels,
gabry.dg,
whitehartroyal,
chucksola,
golnaz.tpa,
veronicapaccagnella,
priyas13,
anaoye_62468,
zahidebayraktarkoc,
kssthegod,
maxence1987,
stefffydb,
diesellife2588,
rita_maggi_diary,
leitoolopezflores,
br.at.is.la.va,
_noahalleyne_,
jacked_labs,
suguru_osako,
alpha.monster.advanced,
vouge_official,
mohamed_ahmed_305,
alpha_dogs_corner,
perhonenx,
brodybuildingfit,
nk_gonzalez19,
archisketcher,
josie_viagem,
lucapintavalle,
giuspe.o,
houseforeveryone_blog,
sara.beautysecrets.yr,
the_guide30,
maryrosyd,
earthbeats_viaggi,
barbara_gangi,
sg.ufficiale,
katemaerz,
eddie_moctezuma,
ferry_vita_gulia,
vlmuseum,
italynearme,
samuel_curruhuinca,
jszgr,
federicacecoro,
claudio_sciannameo,
bk_adv_team,
orasiviaggia,
foggiadefcon1,
luca_belfio,
adventure_rooms_bologna,
blasone.shop.vintage.luxury,
carmelofailo,
clara_ferrari_89,
giordano_86,
andreaamorini,
1passodopolaltro,
lordimstark,
travel.with.my.family,
valeriagmare,
frenchfrog_in_rome,
iafrate.massimo,
itssarinagram,
erika.zani_,
themattews,
cghairproject,
mugaverosa,
dimpi.wardrobesecrets,
yung_adventurer_,
_emi1iano_,
tamidzo,
tenucen,
welcome.to.oghuz,
ssi_diveinstructor_,
amazingswitzerland,
joshuaestrin,
mvmtforher,
themalibuphotographer,
norbaella,
buhadif2020,
rainbowpastelle,
officialtaztee,
katlynpaigephotography,
despoinacats,
bea_skanda,
mr.albrecht,
_marco_marino,
peaches.and.green_,
2leaveblog,
volgo_sicilia,
pinkworldshades,
funkb_official,
damiano.brs,
_sole_luna_stelle_,
smithchauque,
_viva_egypt_,
johnguzmandiaz,
treasures.of.the.world,
mkdrakos,
micandreeabungalowa,
ilariagii,
clifflane3,
purewowtravel,
zdenek__prochazka,
diesaram,
today_luxurys,
vladimirbuldra,
palmasdielmas,
escapingfromtheordinary,
valaisactif,
chiara.papa5,
rothdestinations,
onchyan,
itsgourmetlife,
golden.melts,
madebycrystal,
ikeiklima,
gonzalodowney,
kalandsam,
sarah.cremona,
anch0vies,
miaindrianii26,
thailand.travel.amazing,
nanangsujana,
everydayshelovely,
will.pho2o,
michaelbywatersphoto,
phmariaceleste,
kaimarsea,
adingattamimi,
ari_rahim,
felippexpadilla,
alimturaktobe,
quicozo,
mens_lifestyle_essentials,
adamosulllivan,
annahamovbala,
princedidier,
chu_invisible,
fai_renny,
olafcolgne,
beautyintnature,
besteninunicornuu,
peachyploy_pp,
gypsykristy,
riafotografie,
kolmikaelsones,
theasianabroad,
therucksackwanderer,
citymosaics,
lasith_peri,
ishall_adiitya,
kanelahanim,
en_route_craquotte,
nur_aina88,
_thentravel,
lukas__klink,
carli.onelove,
monticella,
sardegna_in_grande,
adelas_travels,
takashiokinawa_,
nathan79williams,
this.is.memi,
rohan_royyyy,
alwaysfollow.your.dreams,
pickyourtrail,
abigailtokaido,
mathusale,
marcibaumart,
shreygandhi,
oliviariceerhard,
thomas_vistrup,
robinhotel.danang,
laidbackpolo,
steph.from.paris,
jacopo_lisoni,
travelbloggeres,
fraza67,
dong___huny.91,
lone_wolf_john,
goodmorningearth.eu,
laureeeneves,
meanderinggeri,
hostel_jin,
beatescribe,
schoolbagpack_,
saussagedoggie,
tonkitsalee,
fijowski,
buiiyi,
kula_,
landscapenatur,
gotham_tonight,
boheme.beach,
climbingmyinnerworld,
marlon_muir,
i.am.marceloiii,
elsa_romann,
jvaine1,
chocolate.caramel.toffee,
krazzy_wanderer,
sd_photography9,
hidden_beauty_of_things,
thecottageonmaple,
thebridgelodge,
my_life_my_rules555_,
everywhere_with_kids,
fisher.mans,
vanlife.vibes,
ijanbu,
mari.anne.mari,
insta.pelomundo,
graceetaylor86,
overtirene,
williamperugini,
bradleydraifinger,
filippotenti_overland,
sarahrowssolo,
abbieallardphoto,
astrid_daerr,
dfaymous_fisherman,
andy.07,
misty.mcgill,
luketyreephotography,
sabytique,
stoicuniverse,
pedrobauer18,
justinetien_,
steverymers,
marco.amatoo,
high.maintenance.hikers,
sabrinastevens,
ivanthuy,
tennesseestateparks,
nikolaibusch,
kylekotajarvi,
kevin.smif,
instahaze44,
aus_outdoor_living,
hbecotte,
acoloradogal,
rafasnotebook,
itsmeyoul0ve,
missrumsey,
acstle,
manavel_travel,
mackenzie_hann,
emmanrf,
kimblsnbits,
salrapino,
cihangircelik,
jamie800105,
lucky.girl2014,
zacknrose,
phhamay__,
magicb13,
italianlandscapes,
princess_frizzi,
lifeofaladybear,
sophie.cze,
starsaremine,
